image_0001.jpg,182,420,1074,1333
image_0002.jpg,10,31,175,188
image_0003.jpg,241,278,715,715
image_0004.jpg,33,55,192,211
image_0005.jpg,171,277,619,697
image_0006.jpg,101,321,583,774
image_0007.jpg,9,51,182,216
image_0008.jpg,23,32,212,217
image_0009.jpg,15,31,195,143
image_0010.jpg,24,64,182,218
image_0011.jpg,100,218,768,999
image_0012.jpg,108,46,259,184
image_0013.jpg,21,24,200,206
image_0014.jpg,103,15,922,754
image_0015.jpg,57,319,594,855
image_0016.jpg,17,9,208,194
image_0017.jpg,12,33,174,188
image_0018.jpg,112,368,966,1390
image_0019.jpg,44,55,151,160
image_0020.jpg,117,350,620,842
image_0021.jpg,123,353,631,853
image_0022.jpg,113,368,625,877
image_0023.jpg,99,372,625,904
image_0024.jpg,51,43,209,160
image_0025.jpg,748,644,1237,1232
image_0026.jpg,97,383,621,897
image_0027.jpg,1,220,701,914
image_0028.jpg,83,373,610,903
image_0029.jpg,17,60,194,227
image_0030.jpg,95,363,627,903
image_0031.jpg,104,378,634,910
image_0032.jpg,5,332,599,882
image_0033.jpg,201,163,909,768
image_0034.jpg,30,336,600,882
image_0035.jpg,1,78,168,252
image_0036.jpg,143,517,570,946
image_0037.jpg,120,507,584,992
image_0038.jpg,112,519,583,1008
image_0039.jpg,176,685,632,1024
image_0040.jpg,196,727,600,1024
image_0041.jpg,45,21,217,195
image_0042.jpg,677,357,1165,1138
image_0043.jpg,1,187,685,884
image_0044.jpg,131,486,594,970
image_0045.jpg,132,277,768,1024
image_0046.jpg,23,28,214,218
image_0047.jpg,54,48,176,164
image_0048.jpg,1,225,755,1024
image_0049.jpg,73,271,645,894
image_0050.jpg,1,257,760,1024
image_0051.jpg,53,318,657,1024
image_0052.jpg,192,355,669,1024
image_0053.jpg,17,60,194,230
image_0054.jpg,61,294,572,838
image_0055.jpg,182,299,642,819
image_0056.jpg,110,314,653,868
image_0057.jpg,7,3,194,192
image_0058.jpg,179,275,753,876
image_0059.jpg,129,254,761,885
image_0060.jpg,9,17,184,203
image_0061.jpg,6,175,735,886
image_0062.jpg,814,365,1838,1491
image_0063.jpg,78,252,638,865
image_0064.jpg,69,263,698,882
image_0065.jpg,16,42,186,148
image_0066.jpg,72,254,732,892
image_0067.jpg,1,266,657,1024
image_0068.jpg,757,436,1583,1536
image_0069.jpg,49,235,720,879
image_0070.jpg,1,206,495,720
image_0071.jpg,15,191,570,715
image_0072.jpg,83,230,741,866
image_0073.jpg,11,28,174,188
image_0074.jpg,140,277,768,987
image_0075.jpg,133,284,768,987
image_0076.jpg,161,818,764,1368
image_0077.jpg,39,15,237,172
image_0078.jpg,463,515,1129,1421
image_0079.jpg,69,55,715,643
image_0080.jpg,54,246,672,874
image_0081.jpg,148,219,768,833
image_0082.jpg,85,251,717,879
image_0083.jpg,84,246,701,864
image_0084.jpg,48,91,767,870
image_0085.jpg,57,171,722,874
image_0086.jpg,37,88,181,212
image_0087.jpg,57,128,768,879
image_0088.jpg,53,171,722,823
image_0089.jpg,24,23,199,224
image_0090.jpg,3,53,161,217
image_0091.jpg,79,256,702,833
image_0092.jpg,125,299,750,867
image_0093.jpg,183,268,768,938
image_0094.jpg,97,283,726,855
image_0095.jpg,471,81,1210,1361
image_0096.jpg,65,255,715,844
image_0097.jpg,46,165,768,854
image_0098.jpg,101,296,720,828
image_0099.jpg,58,27,224,195
image_0100.jpg,1,270,657,1024
image_0101.jpg,1,1,225,224
image_0102.jpg,2,50,161,217
image_0103.jpg,1,445,606,1020
image_0104.jpg,119,213,768,914
image_0105.jpg,37,237,768,1024
image_0106.jpg,5,226,755,1024
image_0107.jpg,127,294,768,1024
image_0108.jpg,28,253,760,1024
image_0109.jpg,49,319,652,1024
image_0110.jpg,284,188,1174,1215
image_0111.jpg,65,294,574,838
image_0112.jpg,24,70,172,209
image_0113.jpg,36,65,165,204
image_0114.jpg,13,171,752,891
image_0115.jpg,18,15,203,142
image_0116.jpg,164,302,643,822
image_0117.jpg,120,314,653,870
image_0118.jpg,166,273,754,878
image_0119.jpg,131,254,758,886
image_0120.jpg,111,191,591,664
image_0121.jpg,68,267,697,883
image_0122.jpg,129,274,768,1024
image_0123.jpg,60,296,572,836
image_0124.jpg,17,45,163,209
image_0125.jpg,177,302,644,822
image_0126.jpg,415,10,1838,1305
image_0127.jpg,15,172,751,891
image_0128.jpg,91,54,159,118
image_0129.jpg,111,314,655,868
image_0130.jpg,133,256,760,884
image_0131.jpg,71,264,698,882
image_0132.jpg,67,266,695,882
image_0133.jpg,67,246,733,893
image_0134.jpg,75,246,732,891
image_0135.jpg,62,32,192,158
image_0136.jpg,54,318,592,857
image_0137.jpg,113,242,768,1024
image_0138.jpg,132,254,761,886
image_0139.jpg,29,36,162,169
image_0140.jpg,62,37,187,169
image_0141.jpg,72,263,698,882
image_0142.jpg,81,18,210,149
image_0143.jpg,75,248,732,891
image_0144.jpg,419,407,1436,1450
image_0145.jpg,48,235,721,882
image_0146.jpg,66,25,250,161
image_0147.jpg,82,231,740,866
image_0148.jpg,47,233,723,882
image_0149.jpg,82,232,739,865
image_0150.jpg,1,205,494,717
image_0151.jpg,13,191,573,713
image_0152.jpg,27,65,188,218
image_0153.jpg,125,304,768,1024
image_0154.jpg,31,281,550,787
image_0155.jpg,13,37,179,198
image_0156.jpg,183,267,768,937
image_0157.jpg,20,1,197,171
image_0158.jpg,122,276,768,985
image_0159.jpg,129,282,768,988
image_0160.jpg,1,204,495,718
image_0161.jpg,162,820,769,1368
image_0162.jpg,164,292,768,1024
image_0163.jpg,24,168,759,884
image_0164.jpg,24,344,710,997
image_0165.jpg,136,302,768,1024
image_0166.jpg,119,294,768,1024
image_0167.jpg,1,40,143,193
image_0168.jpg,78,63,189,192
image_0169.jpg,91,410,593,892
image_0170.jpg,54,13,229,183
image_0171.jpg,90,258,624,771
image_0172.jpg,1,1,225,224
image_0173.jpg,18,37,188,230
image_0174.jpg,19,42,183,220
image_0175.jpg,4,4,234,118
image_0176.jpg,55,14,228,182
image_0177.jpg,2,220,704,915
image_0178.jpg,21,74,181,230
image_0179.jpg,56,43,220,168
image_0180.jpg,23,9,185,181
image_0181.jpg,13,30,180,186
image_0182.jpg,113,242,768,1023
image_0183.jpg,17,95,194,239
image_0184.jpg,17,34,194,227
image_0185.jpg,40,15,236,171
image_0186.jpg,18,337,602,898
image_0187.jpg,24,63,183,218
image_0188.jpg,80,51,201,164
image_0189.jpg,2,4,206,186
image_0190.jpg,1,83,168,253
image_0191.jpg,50,31,180,151
image_0192.jpg,1,188,684,879
image_0193.jpg,20,11,205,194
image_0194.jpg,20,88,179,232
image_0195.jpg,119,219,768,1009
image_0196.jpg,11,74,144,215
image_0197.jpg,19,9,203,194
image_0198.jpg,39,16,236,171
image_0199.jpg,10,17,219,131
image_0200.jpg,95,234,768,993
image_0201.jpg,9,47,181,215
image_0202.jpg,55,37,191,183
image_0203.jpg,614,287,1350,1689
image_0204.jpg,25,69,156,195
image_0205.jpg,9,66,139,192
image_0206.jpg,189,635,861,1376
image_0207.jpg,27,64,189,216
image_0208.jpg,102,218,768,1001
image_0209.jpg,26,68,166,211
image_0210.jpg,7,5,212,191
image_0211.jpg,8,13,189,202
image_0212.jpg,47,90,157,201
image_0213.jpg,9,34,168,221
image_0214.jpg,1,69,168,257
image_0215.jpg,24,65,172,209
image_0216.jpg,66,54,200,162
image_0217.jpg,8,9,195,177
image_0218.jpg,213,439,768,1024
image_0219.jpg,14,93,173,242
image_0220.jpg,305,653,1127,1966
image_0221.jpg,90,233,768,996
image_0222.jpg,8,39,168,190
image_0223.jpg,22,45,204,209
image_0224.jpg,151,290,768,1024
image_0225.jpg,50,45,208,160
image_0226.jpg,25,89,137,218
image_0227.jpg,16,59,194,230
image_0228.jpg,25,95,136,215
image_0229.jpg,8,66,138,194
image_0230.jpg,8,18,187,203
image_0231.jpg,11,14,174,188
image_0232.jpg,19,36,188,229
image_0233.jpg,9,77,143,208
image_0234.jpg,72,311,695,916
image_0235.jpg,55,16,228,183
image_0236.jpg,26,250,754,959
image_0237.jpg,8,180,735,885
image_0238.jpg,28,48,188,200
image_0239.jpg,38,57,181,156
image_0240.jpg,63,36,186,169
image_0241.jpg,54,51,176,165
image_0242.jpg,46,11,143,196
image_0243.jpg,17,65,189,242
image_0244.jpg,38,83,182,216
image_0245.jpg,2,85,148,246
image_0246.jpg,747,413,1561,1536
image_0247.jpg,19,79,143,226
image_0248.jpg,40,14,236,170
image_0249.jpg,24,61,190,217
image_0250.jpg,21,192,749,901
image_0251.jpg,35,37,190,201
image_0252.jpg,2,172,757,923
image_0253.jpg,47,16,246,157
image_0254.jpg,17,66,189,240
image_0255.jpg,17,25,180,210
image_0256.jpg,1,222,704,911
image_0257.jpg,103,346,569,822
image_0258.jpg,32,81,137,154
image_0259.jpg,27,351,711,1008
image_0260.jpg,11,49,159,205
image_0261.jpg,24,64,172,210
image_0262.jpg,1,366,592,1007
image_0263.jpg,74,25,210,170
image_0264.jpg,55,34,191,183
image_0265.jpg,8,5,213,189
image_0266.jpg,49,127,768,879
image_0267.jpg,36,63,168,205
image_0268.jpg,65,31,203,172
image_0269.jpg,63,4,220,156
image_0270.jpg,14,30,191,238
image_0271.jpg,77,17,257,159
image_0272.jpg,12,46,191,232
image_0273.jpg,39,57,180,163
image_0274.jpg,10,30,141,180
image_0275.jpg,59,352,731,1007
image_0276.jpg,45,39,196,198
image_0277.jpg,58,26,240,157
image_0278.jpg,65,33,251,159
image_0279.jpg,101,191,591,663
image_0280.jpg,24,42,222,159
image_0281.jpg,1,171,754,924
image_0282.jpg,79,66,190,191
image_0283.jpg,63,33,192,158
image_0284.jpg,161,786,769,1375
image_0285.jpg,11,83,158,225
image_0286.jpg,80,18,192,146
image_0287.jpg,1,78,168,254
image_0288.jpg,19,7,191,194
image_0289.jpg,63,52,159,142
image_0290.jpg,19,9,194,194
image_0291.jpg,40,342,642,917
image_0292.jpg,47,128,144,240
image_0293.jpg,103,57,176,121
image_0294.jpg,1,56,168,243
image_0295.jpg,106,214,768,912
image_0296.jpg,63,34,230,152
image_0297.jpg,1,290,553,860
image_0298.jpg,44,52,207,196
image_0299.jpg,11,76,144,220
image_0300.jpg,14,97,173,241
image_0301.jpg,46,130,142,239
image_0302.jpg,72,110,143,193
image_0303.jpg,55,28,192,171
image_0304.jpg,28,1,219,165
image_0305.jpg,42,52,176,192
image_0306.jpg,54,305,762,987
image_0307.jpg,61,8,219,144
image_0308.jpg,85,57,209,184
image_0309.jpg,112,217,768,1007
image_0310.jpg,24,61,191,204
image_0311.jpg,16,59,194,229
image_0312.jpg,1,51,168,243
image_0313.jpg,62,4,221,157
image_0314.jpg,46,79,144,176
image_0315.jpg,48,67,168,178
image_0316.jpg,27,33,158,164
image_0317.jpg,10,76,187,243
image_0318.jpg,12,35,173,187
image_0319.jpg,36,64,167,205
image_0320.jpg,55,6,204,133
image_0321.jpg,121,247,768,896
image_0322.jpg,8,69,138,192
image_0323.jpg,42,89,156,201
image_0324.jpg,1,66,167,261
image_0325.jpg,14,120,121,229
image_0326.jpg,7,58,142,210
image_0327.jpg,13,32,180,193
image_0328.jpg,47,65,168,178
image_0329.jpg,32,22,158,172
image_0330.jpg,27,61,173,214
image_0331.jpg,428,548,1234,1483
image_0332.jpg,11,29,173,188
image_0333.jpg,92,393,581,892
image_0334.jpg,10,28,201,238
image_0335.jpg,7,68,187,242
image_0336.jpg,35,63,168,205
image_0337.jpg,25,248,752,958
image_0338.jpg,21,19,200,189
image_0339.jpg,3,45,161,216
image_0340.jpg,21,190,749,899
image_0341.jpg,14,85,164,174
image_0342.jpg,21,76,181,231
image_0343.jpg,1,77,149,242
image_0344.jpg,30,63,161,202
image_0345.jpg,6,30,190,235
image_0346.jpg,80,43,172,134
image_0347.jpg,606,323,1323,1484
image_0348.jpg,16,83,154,203
image_0349.jpg,24,43,223,161
image_0350.jpg,46,373,551,884
image_0351.jpg,17,35,189,229
image_0352.jpg,91,232,768,993
image_0353.jpg,20,172,759,886
image_0354.jpg,18,88,193,240
image_0355.jpg,40,354,538,854
image_0356.jpg,57,26,223,195
image_0357.jpg,50,308,507,761
image_0358.jpg,59,261,483,687
image_0359.jpg,143,332,601,783
image_0360.jpg,184,321,628,760
image_0361.jpg,230,275,675,703
image_0362.jpg,170,63,896,746
image_0363.jpg,248,534,1337,1376
image_0364.jpg,213,260,625,659
image_0365.jpg,23,31,185,194
image_0366.jpg,23,10,186,187
image_0367.jpg,35,42,192,202
image_0368.jpg,7,5,212,207
image_0369.jpg,4,385,578,979
image_0370.jpg,1,383,529,1006
image_0371.jpg,155,292,768,1024
image_0372.jpg,66,338,751,1004
image_0373.jpg,110,316,657,830
image_0374.jpg,1,390,531,1005
image_0375.jpg,49,271,553,732
image_0376.jpg,34,279,555,753
image_0377.jpg,203,165,856,768
image_0378.jpg,45,93,144,206
image_0379.jpg,46,66,168,173
image_0380.jpg,110,328,658,835
image_0381.jpg,5,322,662,951
image_0382.jpg,50,90,156,187
image_0383.jpg,1,402,589,1024
image_0384.jpg,612,506,1199,1306
image_0385.jpg,171,245,701,752
image_0386.jpg,243,273,719,707
image_0387.jpg,30,250,750,957
image_0388.jpg,168,253,705,754
