p1.jpg,167,440,1067,1326
p107.jpg,93,221,768,1002
p189.jpg,125,275,768,1024
p19.jpg,90,445,593,892
p190.jpg,113,245,768,1024
p191.jpg,117,217,768,1008
p192.jpg,97,216,768,1003
p193.jpg,83,232,768,993
p194.jpg,29,250,752,954
p195.jpg,17,8,200,194
p196.jpg,1,1,225,224
p197.jpg,14,40,184,163
p108.jpg,93,232,768,994
p198.jpg,31,82,141,151
p199.jpg,69,16,258,155
p2.jpg,157,831,774,1368
p20.jpg,1,347,554,861
p200.jpg,17,54,194,227
p201.jpg,22,2,202,170
p202.jpg,101,18,259,186
p203.jpg,49,40,208,160
p204.jpg,57,33,217,168
p205.jpg,8,68,138,192
p109.jpg,26,246,755,959
p206.jpg,19,39,190,228
p207.jpg,22,31,184,194
p208.jpg,51,91,157,198
p209.jpg,44,52,149,157
p21.jpg,10,377,597,886
p210.jpg,54,48,176,164
p211.jpg,9,18,184,203
p212.jpg,12,23,174,187
p213.jpg,37,86,180,208
p214.jpg,55,17,225,195
p11.jpg,14,172,753,890
p215.jpg,94,49,157,113
p216.jpg,77,19,210,148
p217.jpg,13,35,174,199
p218.jpg,1,48,144,193
p219.jpg,56,16,231,183
p22.jpg,92,295,625,776
p220.jpg,1,4,225,224
p221.jpg,19,37,187,228
p222.jpg,20,33,183,217
p223.jpg,5,3,229,157
p110.jpg,1,220,704,911
p224.jpg,23,65,179,228
p225.jpg,23,9,184,184
p226.jpg,11,35,178,183
p227.jpg,16,37,194,239
p228.jpg,18,25,193,225
p229.jpg,32,16,236,169
p23.jpg,19,374,604,900
p230.jpg,24,56,183,217
p231.jpg,4,5,206,201
p232.jpg,52,32,190,150
p111.jpg,1,187,684,877
p233.jpg,21,12,200,194
p234.jpg,21,88,178,234
p235.jpg,11,76,144,212
p236.jpg,18,9,207,192
p237.jpg,35,15,236,171
p238.jpg,9,17,219,167
p239.jpg,56,38,191,183
p24.jpg,599,313,1352,1689
p240.jpg,23,70,156,204
p241.jpg,7,64,138,192
p112.jpg,191,633,856,1371
p242.jpg,29,72,188,218
p243.jpg,26,69,166,216
p244.jpg,8,6,213,192
p245.jpg,9,12,190,202
p246.jpg,1,69,167,250
p247.jpg,24,55,172,210
p248.jpg,70,51,197,161
p249.jpg,9,9,198,174
p25.jpg,214,524,768,1024
p250.jpg,18,95,173,241
p113.jpg,320,566,1125,1968
p251.jpg,11,39,167,189
p252.jpg,49,39,208,161
p253.jpg,17,60,194,226
p254.jpg,26,94,137,216
p255.jpg,10,72,138,190
p256.jpg,9,17,182,201
p257.jpg,12,34,175,187
p258.jpg,21,33,190,226
p259.jpg,9,74,144,212
p26.jpg,72,365,695,919
p114.jpg,8,177,734,885
p260.jpg,39,57,180,160
p261.jpg,65,37,187,168
p262.jpg,55,43,176,164
p263.jpg,51,20,143,196
p264.jpg,14,66,189,240
p265.jpg,37,82,181,217
p266.jpg,2,85,148,245
p267.jpg,20,78,141,224
p268.jpg,39,16,235,172
p269.jpg,29,39,164,170
p115.jpg,26,193,749,900
p27.jpg,1,403,593,1008
p270.jpg,9,26,142,182
p271.jpg,82,18,190,148
p272.jpg,55,39,185,189
p273.jpg,21,59,190,211
p274.jpg,25,72,172,207
p275.jpg,24,27,212,219
p276.jpg,57,29,223,195
p277.jpg,55,23,231,183
p278.jpg,18,34,174,196
p10.jpg,14,191,752,901
p116.jpg,21,167,760,885
p279.jpg,6,8,213,200
p28.jpg,8,380,663,952
p280.jpg,10,32,173,189
p281.jpg,18,59,194,228
p282.jpg,46,16,218,195
p283.jpg,17,64,194,228
p284.jpg,41,17,236,171
p285.jpg,24,32,201,224
p286.jpg,4,41,160,216
p287.jpg,19,14,202,155
p117.jpg,23,171,751,890
p288.jpg,65,30,189,169
p289.jpg,27,62,188,215
p29.jpg,23,397,709,997
p290.jpg,58,26,230,183
p291.jpg,83,55,201,162
p292.jpg,11,37,168,223
p293.jpg,25,92,138,215
p294.jpg,28,51,187,202
p295.jpg,23,62,190,207
p296.jpg,33,41,191,201
p118.jpg,1,174,753,925
p297.jpg,52,14,245,149
p298.jpg,18,65,188,239
p299.jpg,15,26,177,212
p3.jpg,1,219,706,920
p30.jpg,29,407,714,1012
p300.jpg,10,55,160,203
p301.jpg,24,63,171,209
p302.jpg,74,26,211,169
p303.jpg,56,40,191,183
p304.jpg,7,7,211,210
p119.jpg,49,126,768,877
p305.jpg,36,65,166,204
p306.jpg,47,5,221,156
p307.jpg,13,25,192,238
p308.jpg,14,49,192,228
p309.jpg,37,57,180,153
p31.jpg,55,418,731,1013
p310.jpg,43,36,196,196
p311.jpg,58,19,238,156
p312.jpg,66,25,247,157
p313.jpg,26,48,223,158
p12.jpg,1,165,755,925
p314.jpg,78,64,189,192
p315.jpg,64,34,188,158
p316.jpg,12,86,158,224
p317.jpg,1,78,166,255
p318.jpg,18,8,211,194
p319.jpg,64,48,158,141
p32.jpg,38,376,648,926
p320.jpg,46,132,139,239
p321.jpg,103,55,175,122
p322.jpg,1,55,168,242
p120.jpg,121,214,768,911
p323.jpg,65,35,229,153
p324.jpg,10,75,143,211
p325.jpg,21,84,172,239
p326.jpg,72,102,142,194
p327.jpg,57,27,193,171
p328.jpg,29,1,219,165
p329.jpg,43,55,175,196
p33.jpg,53,357,762,991
p330.jpg,63,8,220,153
p331.jpg,86,53,209,181
p121.jpg,114,222,768,1007
p332.jpg,56,3,221,155
p333.jpg,46,83,144,177
p334.jpg,48,67,166,172
p335.jpg,26,37,158,164
p336.jpg,16,85,187,242
p337.jpg,12,32,174,185
p338.jpg,35,63,168,206
p339.jpg,56,7,203,126
p34.jpg,121,274,768,894
p340.jpg,1,84,159,255
p122.jpg,115,194,587,666
p341.jpg,26,71,173,214
p342.jpg,24,79,181,232
p343.jpg,16,102,194,239
p344.jpg,23,9,186,190
p345.jpg,47,65,168,190
p346.jpg,33,52,192,209
p347.jpg,9,41,179,217
p348.jpg,18,30,195,129
p349.jpg,25,67,182,219
p35.jpg,102,13,817,756
p123.jpg,47,318,591,858
p350.jpg,24,50,202,204
p351.jpg,45,86,156,201
p352.jpg,10,33,201,238
p353.jpg,9,29,189,234
p354.jpg,35,37,190,203
p355.jpg,46,91,145,203
p356.jpg,13,19,174,188
p357.jpg,21,20,202,205
p358.jpg,23,25,214,217
p359.jpg,3,4,194,177
p124.jpg,750,440,1591,1536
p36.jpg,66,104,717,646
p361.jpg,3,42,161,215
p362.jpg,37,68,166,204
p363.jpg,17,57,164,208
p364.jpg,63,35,192,159
p365.jpg,67,26,250,160
p366.jpg,78,65,190,190
p367.jpg,2,87,168,253
p368.jpg,9,48,181,215
p369.jpg,46,89,157,202
p100.jpg,161,293,768,1022
p125.jpg,746,415,1572,1536
p37.jpg,103,373,568,824
p370.jpg,64,32,204,173
p371.jpg,18,8,191,194
p372.jpg,47,131,145,240
p373.jpg,1,51,168,243
p374.jpg,1,73,168,259
p375.jpg,15,121,121,229
p376.jpg,7,59,139,209
p377.jpg,47,65,168,194
p378.jpg,33,20,158,170
p126.jpg,428,551,1176,1470
p379.jpg,13,37,174,187
p38.jpg,93,417,582,897
p380.jpg,10,67,188,242
p381.jpg,36,66,168,205
p382.jpg,21,18,200,188
p383.jpg,2,44,161,215
p384.jpg,16,83,165,195
p385.jpg,1,91,149,239
p386.jpg,30,62,154,204
p387.jpg,79,42,173,133
p127.jpg,603,316,1342,1491
p388.jpg,14,85,155,203
p389.jpg,28,44,219,160
p39.jpg,47,392,553,888
p4.jpg,81,230,768,996
p40.jpg,38,376,539,852
p41.jpg,49,328,506,758
p42.jpg,60,282,482,692
p43.jpg,141,352,600,784
p44.jpg,187,337,630,759
p45.jpg,231,286,671,706
p128.jpg,170,61,942,746
p46.jpg,250,532,1316,1461
p47.jpg,217,287,625,664
p48.jpg,1,410,579,982
p49.jpg,1,404,533,1007
p5.jpg,153,287,768,1024
p50.jpg,69,348,752,1003
p51.jpg,110,326,662,830
p52.jpg,1,400,529,1011
p53.jpg,44,276,555,726
p54.jpg,32,285,557,754
p129.jpg,196,166,910,768
p55.jpg,107,328,660,831
p56.jpg,1,395,587,1023
p57.jpg,605,444,1191,1310
p58.jpg,171,259,701,753
p59.jpg,244,280,717,711
p6.jpg,26,246,754,962
p60.jpg,172,253,704,752
p61.jpg,245,281,717,714
p62.jpg,171,261,621,691
p63.jpg,103,317,585,780
p13.jpg,111,373,959,1385
p64.jpg,113,347,619,839
p65.jpg,122,351,635,857
p66.jpg,111,359,626,881
p67.jpg,99,367,624,899
p68.jpg,748,644,1231,1232
p69.jpg,94,371,622,898
p7.jpg,1,218,702,913
p70.jpg,82,368,613,906
p71.jpg,95,363,630,910
p72.jpg,106,377,637,914
p130.jpg,204,164,908,768
p73.jpg,27,340,603,881
p74.jpg,144,517,573,946
p75.jpg,122,526,583,991
p76.jpg,114,533,580,1004
p77.jpg,180,689,628,1024
p78.jpg,197,731,600,1023
p79.jpg,682,194,1250,1148
p8.jpg,1,186,683,881
p80.jpg,132,498,594,974
p81.jpg,1,226,757,1022
p131.jpg,75,271,644,900
p82.jpg,1,253,756,1023
p83.jpg,1,320,648,1023
p84.jpg,225,359,667,1023
p85.jpg,59,293,573,839
p86.jpg,181,307,642,819
p87.jpg,111,313,655,870
p88.jpg,182,273,752,877
p89.jpg,131,258,757,887
p9.jpg,7,175,737,882
p90.jpg,782,364,1827,1497
p132.jpg,77,252,638,864
p91.jpg,70,264,695,883
p92.jpg,82,247,734,890
p93.jpg,52,269,652,1022
p94.jpg,50,233,720,883
p95.jpg,1,203,493,720
p96.jpg,17,193,572,712
p97.jpg,82,228,740,863
p98.jpg,139,277,768,983
p99.jpg,133,283,768,987
p133.jpg,162,780,769,1373
p101.jpg,484,476,1129,1419
p134.jpg,54,248,673,878
p135.jpg,149,215,768,835
p136.jpg,85,257,717,877
p137.jpg,87,248,701,863
p138.jpg,52,88,764,877
p139.jpg,55,167,725,900
p14.jpg,53,128,768,878
p140.jpg,53,170,724,904
p141.jpg,87,256,701,828
p142.jpg,133,293,751,867
p102.jpg,182,268,768,937
p143.jpg,102,276,722,856
p144.jpg,493,44,1212,1349
p145.jpg,78,253,715,847
p146.jpg,46,162,768,858
p147.jpg,83,300,720,826
p148.jpg,1,267,656,1023
p149.jpg,1,443,608,1024
p15.jpg,112,212,768,912
p150.jpg,81,229,768,1024
p151.jpg,22,227,754,1024
p103.jpg,137,295,768,1024
p152.jpg,39,259,759,1024
p153.jpg,60,321,651,1024
p154.jpg,282,184,1179,1215
p155.jpg,54,299,575,838
p156.jpg,177,300,642,821
p157.jpg,113,312,652,868
p158.jpg,175,276,752,875
p159.jpg,125,253,758,881
p16.jpg,131,195,586,664
p160.jpg,69,267,698,881
p104.jpg,125,272,768,1024
p161.jpg,59,298,574,838
p162.jpg,177,297,643,816
p163.jpg,419,14,1759,1305
p164.jpg,107,311,654,865
p165.jpg,132,256,758,884
p166.jpg,72,263,695,881
p167.jpg,58,268,697,883
p168.jpg,75,247,732,887
p169.jpg,74,251,732,895
p17.jpg,62,313,592,858
p105.jpg,114,239,768,1024
p170.jpg,125,257,761,883
p171.jpg,74,267,697,875
p172.jpg,74,251,734,891
p173.jpg,344,418,1436,1453
p174.jpg,50,232,720,879
p175.jpg,77,225,739,868
p176.jpg,52,235,721,878
p177.jpg,75,228,738,868
p178.jpg,1,204,492,716
p179.jpg,11,192,571,714
p106.jpg,138,305,768,1024
p18.jpg,28,351,557,791
p180.jpg,183,267,768,936
p181.jpg,134,279,768,985
p182.jpg,129,283,768,988
p183.jpg,1,206,494,719
p184.jpg,162,800,766,1376
p185.jpg,148,287,768,1024
p186.jpg,25,166,760,887
p187.jpg,139,306,768,1024
p188.jpg,129,294,768,1024
